name,email,phone,specialization,experience,location
Rahul Sharma,lawyer1@gmail.com,9000000001,Criminal Law,5,Bangalore
Amit Verma,lawyer2@gmail.com,9000000002,Criminal Law,7,Delhi
Sneha Patil,lawyer3@gmail.com,9000000003,Criminal Law,4,Pune
Rohit Reddy,lawyer4@gmail.com,9000000004,Criminal Law,8,Hyderabad
Kavya Shetty,lawyer5@gmail.com,9000000005,Criminal Law,6,Mangalore
Anjali Singh,lawyer6@gmail.com,9000000006,Criminal Law,9,Mumbai
Vikram Joshi,lawyer7@gmail.com,9000000007,Criminal Law,10,Jaipur
Neha Kapoor,lawyer8@gmail.com,9000000008,Criminal Law,3,Chennai
Arjun Mehta,lawyer9@gmail.com,9000000009,Criminal Law,11,Ahmedabad
Pooja Nair,lawyer10@gmail.com,9000000010,Criminal Law,6,Kochi
Suresh Gowda,lawyer11@gmail.com,9000000011,Criminal Law,12,Tumkur
Divya Iyer,lawyer12@gmail.com,9000000012,Criminal Law,5,Mysore

Anita Rao,lawyer13@gmail.com,9000000013,Civil Law,8,Mysore
Rakesh Bhat,lawyer14@gmail.com,9000000014,Civil Law,6,Bangalore
Lakshmi Nair,lawyer15@gmail.com,9000000015,Civil Law,9,Kochi
Varun Gupta,lawyer16@gmail.com,9000000016,Civil Law,7,Delhi
Meena Iyer,lawyer17@gmail.com,9000000017,Civil Law,5,Chennai
Rajesh Kumar,lawyer18@gmail.com,9000000018,Civil Law,10,Mumbai
Kiran Gowda,lawyer19@gmail.com,9000000019,Civil Law,4,Tumkur
Geeta Menon,lawyer20@gmail.com,9000000020,Civil Law,6,Kochi
Sunil Joshi,lawyer21@gmail.com,9000000021,Civil Law,11,Pune
Ayesha Khan,lawyer22@gmail.com,9000000022,Civil Law,8,Hyderabad
Nitin Arora,lawyer23@gmail.com,9000000023,Civil Law,9,Delhi
Harish Naik,lawyer24@gmail.com,9000000024,Civil Law,7,Hubli

Priya Nair,lawyer25@gmail.com,9000000025,Family Law,6,Kochi
Divya Patel,lawyer26@gmail.com,9000000026,Family Law,8,Ahmedabad
Ananya Singh,lawyer27@gmail.com,9000000027,Family Law,5,Delhi
Riya Sen,lawyer28@gmail.com,9000000028,Family Law,9,Kolkata
Kavita Rao,lawyer29@gmail.com,9000000029,Family Law,7,Bangalore
Megha Kapoor,lawyer30@gmail.com,9000000030,Family Law,10,Mumbai
Pallavi Reddy,lawyer31@gmail.com,9000000031,Family Law,6,Hyderabad
Shreya Joshi,lawyer32@gmail.com,9000000032,Family Law,4,Pune
Neha Jain,lawyer33@gmail.com,9000000033,Family Law,8,Jaipur
Aarti Iyer,lawyer34@gmail.com,9000000034,Family Law,7,Chennai
Sonal Verma,lawyer35@gmail.com,9000000035,Family Law,11,Delhi
Deepa Nair,lawyer36@gmail.com,9000000036,Family Law,5,Kochi

Manoj Kumar,lawyer37@gmail.com,9000000037,Corporate Law,9,Delhi
Sanjay Kapoor,lawyer38@gmail.com,9000000038,Corporate Law,12,Mumbai
Varun Mehta,lawyer39@gmail.com,9000000039,Corporate Law,8,Gurgaon
Rakesh Jain,lawyer40@gmail.com,9000000040,Corporate Law,10,Delhi
Ankit Sharma,lawyer41@gmail.com,9000000041,Corporate Law,6,Noida
Vivek Mishra,lawyer42@gmail.com,9000000042,Corporate Law,7,Pune
Amit Das,lawyer43@gmail.com,9000000043,Corporate Law,11,Kolkata
Kunal Gupta,lawyer44@gmail.com,9000000044,Corporate Law,9,Delhi
Rohit Bansal,lawyer45@gmail.com,9000000045,Corporate Law,5,Gurgaon
Rahul Agarwal,lawyer46@gmail.com,9000000046,Corporate Law,8,Jaipur
Siddharth Jain,lawyer47@gmail.com,9000000047,Corporate Law,10,Delhi
Nikhil Verma,lawyer48@gmail.com,9000000048,Corporate Law,6,Noida

Neha Kapoor,lawyer49@gmail.com,9000000049,Cyber Law,4,Bangalore
Riya Sen,lawyer50@gmail.com,9000000050,Cyber Law,8,Kolkata
Vivek Mishra,lawyer51@gmail.com,9000000051,Cyber Law,6,Noida
Arjun Mehta,lawyer52@gmail.com,9000000052,Cyber Law,7,Mumbai
Karan Malhotra,lawyer53@gmail.com,9000000053,Cyber Law,5,Delhi
Sneha Verma,lawyer54@gmail.com,9000000054,Cyber Law,9,Pune
Rohit Gupta,lawyer55@gmail.com,9000000055,Cyber Law,10,Gurgaon
Ananya Singh,lawyer56@gmail.com,9000000056,Cyber Law,6,Delhi
Nikhil Jain,lawyer57@gmail.com,9000000057,Cyber Law,7,Jaipur
Pooja Kapoor,lawyer58@gmail.com,9000000058,Cyber Law,8,Mumbai
Rahul Das,lawyer59@gmail.com,9000000059,Cyber Law,5,Kolkata
Siddharth Mehta,lawyer60@gmail.com,9000000060,Cyber Law,9,Delhi

Suresh Reddy,lawyer61@gmail.com,9000000061,Property Law,10,Hyderabad
Rajesh Shetty,lawyer62@gmail.com,9000000062,Property Law,9,Mangalore
Harish Naik,lawyer63@gmail.com,9000000063,Property Law,8,Hubli
Kiran Gowda,lawyer64@gmail.com,9000000064,Property Law,6,Tumkur
Rakesh Bhat,lawyer65@gmail.com,9000000065,Property Law,11,Bangalore
Sunil Joshi,lawyer66@gmail.com,9000000066,Property Law,7,Pune
Amit Verma,lawyer67@gmail.com,9000000067,Property Law,10,Delhi
Anil Sharma,lawyer68@gmail.com,9000000068,Property Law,5,Jaipur
Rohit Singh,lawyer69@gmail.com,9000000069,Property Law,9,Delhi
Kunal Mehta,lawyer70@gmail.com,9000000070,Property Law,6,Mumbai
Deepak Jain,lawyer71@gmail.com,9000000071,Property Law,8,Ahmedabad
Vikas Gupta,lawyer72@gmail.com,9000000072,Property Law,7,Gurgaon

Kiran Gowda,lawyer73@gmail.com,9000000073,Labor Law,6,Tumkur
Ganesh Kulkarni,lawyer74@gmail.com,9000000074,Labor Law,5,Nagpur
Sunil Patil,lawyer75@gmail.com,9000000075,Labor Law,8,Pune
Ramesh Kumar,lawyer76@gmail.com,9000000076,Labor Law,9,Delhi
Anil Verma,lawyer77@gmail.com,9000000077,Labor Law,7,Mumbai
Prakash Rao,lawyer78@gmail.com,9000000078,Labor Law,6,Bangalore
Ravi Shetty,lawyer79@gmail.com,9000000079,Labor Law,5,Mangalore
Sanjay Reddy,lawyer80@gmail.com,9000000080,Labor Law,10,Hyderabad
Karthik Iyer,lawyer81@gmail.com,9000000081,Labor Law,4,Chennai
Nitin Sharma,lawyer82@gmail.com,9000000082,Labor Law,8,Delhi
Deepak Joshi,lawyer83@gmail.com,9000000083,Labor Law,6,Jaipur
Arvind Singh,lawyer84@gmail.com,9000000084,Labor Law,9,Delhi

Meena Iyer,lawyer85@gmail.com,9000000085,Environmental Law,9,Chennai
Geeta Menon,lawyer86@gmail.com,9000000086,Environmental Law,8,Kochi
Anjali Desai,lawyer87@gmail.com,9000000087,Environmental Law,7,Delhi
Ravi Teja,lawyer88@gmail.com,9000000088,Environmental Law,6,Hyderabad
Pooja Jain,lawyer89@gmail.com,9000000089,Environmental Law,5,Mumbai
Siddharth Jain,lawyer90@gmail.com,9000000090,Environmental Law,10,Jaipur
Nikhil Verma,lawyer91@gmail.com,9000000091,Environmental Law,8,Delhi
Rohit Mehta,lawyer92@gmail.com,9000000092,Environmental Law,6,Ahmedabad
Deepa Nair,lawyer93@gmail.com,9000000093,Environmental Law,7,Kochi
Kiran Rao,lawyer94@gmail.com,9000000094,Environmental Law,9,Bangalore
Varun Gupta,lawyer95@gmail.com,9000000095,Environmental Law,5,Gurgaon
Amit Das,lawyer96@gmail.com,9000000096,Environmental Law,8,Kolkata

Arjun Mehta,lawyer97@gmail.com,9000000097,Intellectual Property Law,5,Mumbai
Siddharth Jain,lawyer98@gmail.com,9000000098,Intellectual Property Law,9,Jaipur
Neha Kapoor,lawyer99@gmail.com,9000000099,Intellectual Property Law,6,Delhi
Rohit Gupta,lawyer100@gmail.com,9000000100,Intellectual Property Law,7,Gurgaon
Amit Verma,lawyer101@gmail.com,9000000101,Intellectual Property Law,8,Delhi
Kunal Mehta,lawyer102@gmail.com,9000000102,Intellectual Property Law,10,Mumbai
Ananya Singh,lawyer103@gmail.com,9000000103,Intellectual Property Law,6,Delhi
Riya Sen,lawyer104@gmail.com,9000000104,Intellectual Property Law,7,Kolkata
Pooja Kapoor,lawyer105@gmail.com,9000000105,Intellectual Property Law,9,Mumbai
Rahul Sharma,lawyer106@gmail.com,9000000106,Intellectual Property Law,5,Bangalore
Vikram Singh,lawyer107@gmail.com,9000000107,Intellectual Property Law,8,Delhi
Neha Jain,lawyer108@gmail.com,9000000108,Intellectual Property Law,6,Jaipur

Rohit Sharma,lawyer109@gmail.com,9000000109,Employee Law,6,Delhi
Anita Singh,lawyer110@gmail.com,9000000110,Employee Law,7,Mumbai
Pooja Verma,lawyer111@gmail.com,9000000111,Employee Law,5,Pune
Kiran Reddy,lawyer112@gmail.com,9000000112,Employee Law,8,Hyderabad
Sneha Kapoor,lawyer113@gmail.com,9000000113,Employee Law,6,Delhi
Rahul Jain,lawyer114@gmail.com,9000000114,Employee Law,9,Jaipur
Neha Sharma,lawyer115@gmail.com,9000000115,Employee Law,7,Bangalore
Amit Mehta,lawyer116@gmail.com,9000000116,Employee Law,8,Mumbai
Riya Gupta,lawyer117@gmail.com,9000000117,Employee Law,6,Gurgaon
Arjun Verma,lawyer118@gmail.com,9000000118,Employee Law,7,Delhi
Siddharth Singh,lawyer119@gmail.com,9000000119,Employee Law,5,Noida
Kavya Nair,lawyer120@gmail.com,9000000120,Employee Law,8,Kochi